{"v":"5.9.4","fr":25,"ip":0,"op":243,"w":1920,"h":1080,"nm":"零分猫","ddd":0,"assets":[],"layers":[{"ddd":0,"ind":1,"ty":3,"nm":"瞳孔控制","parent":2,"sr":1,"ks":{"o":{"a":0,"k":0,"ix":11},"r":{"a":0,"k":0,"ix":10},"p":{"a":1,"k":[{"i":{"x":0.667,"y":1},"o":{"x":0.333,"y":0},"t":10,"s":[50,250,0],"to":[0,-0.833,0],"ti":[0.333,-0.5,0]},{"i":{"x":0.667,"y":1},"o":{"x":0.333,"y":0},"t":31,"s":[50,245,0],"to":[-0.333,0.5,0],"ti":[-1,-0.167,0]},{"i":{"x":0.667,"y":1},"o":{"x":0.333,"y":0},"t":71,"s":[48,253,0],"to":[1,0.167,0],"ti":[0.5,1.833,0]},{"i":{"x":0.667,"y":1},"o":{"x":0.333,"y":0},"t":80,"s":[56,246,0],"to":[-0.5,-1.833,0],"ti":[0.5,-0.667,0]},{"i":{"x":0.667,"y":1},"o":{"x":0.333,"y":0},"t":110,"s":[45,242,0],"to":[-0.169,0.225,0],"ti":[-1.389,-0.503,0]},{"i":{"x":0.667,"y":1},"o":{"x":0.333,"y":0},"t":131,"s":[47.757,249.926,0],"to":[1.073,0.388,0],"ti":[-1.389,-0.503,0]},{"i":{"x":0.667,"y":1},"o":{"x":0.333,"y":0},"t":149,"s":[47.757,249.926,0],"to":[1.073,0.388,0],"ti":[0,-0.535,0]},{"i":{"x":0.667,"y":1},"o":{"x":0.325,"y":0},"t":174,"s":[50,256,0],"to":[0,1.333,0],"ti":[0,0,0]},{"i":{"x":0.667,"y":0.667},"o":{"x":0.643,"y":0.643},"t":207,"s":[55,252,0],"to":[0,0,0],"ti":[0,0,0]},{"i":{"x":0.667,"y":1},"o":{"x":0.167,"y":0},"t":218,"s":[55,252,0],"to":[0,0,0],"ti":[0.833,0.333,0]},{"t":225,"s":[50,250,0]}],"ix":2,"l":2},"a":{"a":0,"k":[50,50,0],"ix":1,"l":2},"s":{"a":0,"k":[100,100,100],"ix":6,"l":2}},"ao":0,"ip":0,"op":250,"st":0,"bm":0},{"ddd":0,"ind":2,"ty":3,"nm":"眼睛控制","sr":1,"ks":{"o":{"a":0,"k":0,"ix":11},"r":{"a":0,"k":0,"ix":10},"p":{"a":1,"k":[{"i":{"x":0.667,"y":1},"o":{"x":0.333,"y":0},"t":10,"s":[1560,390,0],"to":[-0.333,-0.833,0],"ti":[0,0,0]},{"i":{"x":0.667,"y":1},"o":{"x":0.333,"y":0},"t":31,"s":[1558,385,0],"to":[0,0,0],"ti":[-2,0.5,0]},{"i":{"x":0.667,"y":1},"o":{"x":0.333,"y":0},"t":71,"s":[1560,390,0],"to":[2,-0.5,0],"ti":[0.333,2.5,0]},{"i":{"x":0.667,"y":1},"o":{"x":0.333,"y":0},"t":80,"s":[1570,382,0],"to":[-0.333,-2.5,0],"ti":[1.667,-1.333,0]},{"i":{"x":0.667,"y":1},"o":{"x":0.333,"y":0},"t":110,"s":[1558,375,0],"to":[-1.667,1.333,0],"ti":[-0.333,-2.5,0]},{"t":160,"s":[1560,390,0]}],"ix":2,"l":2},"a":{"a":0,"k":[50,50,0],"ix":1,"l":2},"s":{"a":0,"k":[100,100,100],"ix":6,"l":2}},"ao":0,"ip":0,"op":250,"st":0,"bm":0},{"ddd":0,"ind":3,"ty":4,"nm":"rightEye 2","parent":5,"td":1,"sr":1,"ks":{"o":{"a":0,"k":100,"ix":11},"r":{"a":0,"k":0,"ix":10},"p":{"a":0,"k":[55.5,156,0],"ix":2,"l":2},"a":{"a":0,"k":[55.5,156,0],"ix":1,"l":2},"s":{"a":0,"k":[100,100,100],"ix":6,"l":2}},"ao":0,"shapes":[{"ty":"gr","it":[{"d":1,"ty":"el","s":{"a":0,"k":[14,14],"ix":2},"p":{"a":0,"k":[0,0],"ix":3},"nm":"Ellipse Path 1","mn":"ADBE Vector Shape - Ellipse","hd":false},{"ty":"fl","c":{"a":0,"k":[1,1,1,1],"ix":4},"o":{"a":0,"k":100,"ix":5},"r":1,"bm":0,"nm":"Fill 1","mn":"ADBE Vector Graphic - Fill","hd":false},{"ty":"tr","p":{"a":0,"k":[55.5,156],"ix":2},"a":{"a":0,"k":[0,0],"ix":1},"s":{"a":0,"k":[117.124,117.124],"ix":3},"r":{"a":0,"k":0,"ix":6},"o":{"a":0,"k":100,"ix":7},"sk":{"a":0,"k":0,"ix":4},"sa":{"a":0,"k":0,"ix":5},"nm":"变换"}],"nm":"Ellipse 1","np":2,"cix":2,"bm":0,"ix":1,"mn":"ADBE Vector Group","hd":false}],"ip":0,"op":250,"st":0,"ct":1,"bm":0},{"ddd":0,"ind":4,"ty":4,"nm":"eye 200000000000000","parent":1,"tt":1,"sr":1,"ks":{"o":{"a":0,"k":100,"ix":11},"r":{"a":0,"k":0,"ix":10},"p":{"a":0,"k":[-446.5,153.75,0],"ix":2,"l":2},"a":{"a":0,"k":[0,0,0],"ix":1,"l":2},"s":{"a":0,"k":[100,100,100],"ix":6,"l":2}},"ao":0,"shapes":[{"ty":"gr","it":[{"ind":0,"ty":"sh","ix":1,"ks":{"a":0,"k":{"i":[[-1.45,0],[0,-1.45],[1.45,0],[0,1.45]],"o":[[1.45,0],[0,1.45],[-1.45,0],[0,-1.45]],"v":[[0,-2.625],[2.625,0],[0,2.625],[-2.625,0]],"c":true},"ix":2},"nm":"Path 1","mn":"ADBE Vector Shape - Group","hd":false},{"ty":"fl","c":{"a":0,"k":[0.250980407,0.874509811401,0.490196079016,1],"ix":4},"o":{"a":0,"k":100,"ix":5},"r":1,"bm":0,"nm":"Fill 1","mn":"ADBE Vector Graphic - Fill","hd":false},{"ty":"tr","p":{"a":0,"k":[0,0],"ix":2},"a":{"a":0,"k":[0,0],"ix":1},"s":{"a":0,"k":[182.143,182.143],"ix":3},"r":{"a":0,"k":0,"ix":6},"o":{"a":0,"k":100,"ix":7},"sk":{"a":0,"k":0,"ix":4},"sa":{"a":0,"k":0,"ix":5},"nm":"变换"}],"nm":"Ellipse 1","np":2,"cix":2,"bm":0,"ix":1,"mn":"ADBE Vector Group","hd":false}],"ip":0,"op":250,"st":0,"ct":1,"bm":0},{"ddd":0,"ind":5,"ty":4,"nm":"rightEye 3","parent":2,"sr":1,"ks":{"o":{"a":0,"k":100,"ix":11},"r":{"a":0,"k":0,"ix":10},"p":{"a":0,"k":[-446.75,353.5,0],"ix":2,"l":2},"a":{"a":0,"k":[55.5,156,0],"ix":1,"l":2},"s":{"a":1,"k":[{"i":{"x":[0.833,0.833,0.833],"y":[0.833,0.833,0.833]},"o":{"x":[0.167,0.167,0.167],"y":[0.167,0.167,0.167]},"t":2,"s":[100,100,100]},{"i":{"x":[0.833,0.833,0.833],"y":[0.833,0.833,0.833]},"o":{"x":[0.167,0.167,0.167],"y":[0.167,0.167,0.167]},"t":3.5,"s":[100,0,100]},{"i":{"x":[0.833,0.833,0.833],"y":[0.833,0.833,0.833]},"o":{"x":[0.167,0.167,0.167],"y":[0.167,0.167,0.167]},"t":5,"s":[100,100,100]},{"i":{"x":[0.833,0.833,0.833],"y":[0.833,0.833,0.833]},"o":{"x":[0.167,0.167,0.167],"y":[0.167,0.167,0.167]},"t":13,"s":[100,100,100]},{"i":{"x":[0.833,0.833,0.833],"y":[0.833,0.833,0.833]},"o":{"x":[0.167,0.167,0.167],"y":[0.167,0.167,0.167]},"t":14.5,"s":[100,0,100]},{"i":{"x":[0.833,0.833,0.833],"y":[0.833,0.833,0.833]},"o":{"x":[0.167,0.167,0.167],"y":[0.167,0.167,0.167]},"t":16,"s":[100,100,100]},{"i":{"x":[0.833,0.833,0.833],"y":[0.833,0.833,0.833]},"o":{"x":[0.167,0.167,0.167],"y":[0.167,0.167,0.167]},"t":39,"s":[100,100,100]},{"i":{"x":[0.833,0.833,0.833],"y":[0.833,0.833,0.833]},"o":{"x":[0.167,0.167,0.167],"y":[0.167,0.167,0.167]},"t":43,"s":[100,0,100]},{"i":{"x":[0.833,0.833,0.833],"y":[0.833,0.833,0.833]},"o":{"x":[0.167,0.167,0.167],"y":[0.167,0.167,0.167]},"t":47,"s":[100,100,100]},{"i":{"x":[0.833,0.833,0.833],"y":[0.833,0.833,0.833]},"o":{"x":[0.167,0.167,0.167],"y":[0.167,0.167,0.167]},"t":74,"s":[100,100,100]},{"i":{"x":[0.833,0.833,0.833],"y":[0.833,0.833,0.833]},"o":{"x":[0.167,0.167,0.167],"y":[0.167,0.167,0.167]},"t":78,"s":[100,0,100]},{"i":{"x":[0.833,0.833,0.833],"y":[0.833,0.833,0.833]},"o":{"x":[0.167,0.167,0.167],"y":[0.167,0.167,0.167]},"t":82,"s":[100,100,100]},{"i":{"x":[0.833,0.833,0.833],"y":[0.833,0.833,0.833]},"o":{"x":[0.167,0.167,0.167],"y":[0.167,0.167,0.167]},"t":122,"s":[100,100,100]},{"i":{"x":[0.833,0.833,0.833],"y":[0.833,0.833,0.833]},"o":{"x":[0.167,0.167,0.167],"y":[0.167,0.167,0.167]},"t":128,"s":[100,0,100]},{"t":134,"s":[100,100,100]}],"ix":6,"l":2}},"ao":0,"shapes":[{"ty":"gr","it":[{"d":1,"ty":"el","s":{"a":0,"k":[14,14],"ix":2},"p":{"a":0,"k":[0,0],"ix":3},"nm":"Ellipse Path 1","mn":"ADBE Vector Shape - Ellipse","hd":false},{"ty":"fl","c":{"a":0,"k":[1,1,1,1],"ix":4},"o":{"a":0,"k":100,"ix":5},"r":1,"bm":0,"nm":"Fill 1","mn":"ADBE Vector Graphic - Fill","hd":false},{"ty":"tr","p":{"a":0,"k":[55.5,156],"ix":2},"a":{"a":0,"k":[0,0],"ix":1},"s":{"a":0,"k":[117.124,117.124],"ix":3},"r":{"a":0,"k":0,"ix":6},"o":{"a":0,"k":100,"ix":7},"sk":{"a":0,"k":0,"ix":4},"sa":{"a":0,"k":0,"ix":5},"nm":"变换"}],"nm":"Ellipse 1","np":2,"cix":2,"bm":0,"ix":1,"mn":"ADBE Vector Group","hd":false}],"ip":0,"op":250,"st":0,"ct":1,"bm":0},{"ddd":0,"ind":6,"ty":4,"nm":"LeftEye","parent":8,"td":1,"sr":1,"ks":{"o":{"a":0,"k":100,"ix":11},"r":{"a":0,"k":0,"ix":10},"p":{"a":0,"k":[55.5,156,0],"ix":2,"l":2},"a":{"a":0,"k":[55.5,156,0],"ix":1,"l":2},"s":{"a":0,"k":[100,100,100],"ix":6,"l":2}},"ao":0,"shapes":[{"ty":"gr","it":[{"d":1,"ty":"el","s":{"a":0,"k":[14,14],"ix":2},"p":{"a":0,"k":[0,0],"ix":3},"nm":"Ellipse Path 1","mn":"ADBE Vector Shape - Ellipse","hd":false},{"ty":"fl","c":{"a":0,"k":[1,1,1,1],"ix":4},"o":{"a":0,"k":100,"ix":5},"r":1,"bm":0,"nm":"Fill 1","mn":"ADBE Vector Graphic - Fill","hd":false},{"ty":"tr","p":{"a":0,"k":[55.5,156],"ix":2},"a":{"a":0,"k":[0,0],"ix":1},"s":{"a":0,"k":[117.124,117.124],"ix":3},"r":{"a":0,"k":0,"ix":6},"o":{"a":0,"k":100,"ix":7},"sk":{"a":0,"k":0,"ix":4},"sa":{"a":0,"k":0,"ix":5},"nm":"变换"}],"nm":"Ellipse 1","np":2,"cix":2,"bm":0,"ix":1,"mn":"ADBE Vector Group","hd":false}],"ip":0,"op":250,"st":0,"ct":1,"bm":0},{"ddd":0,"ind":7,"ty":4,"nm":"eye00000000000000","parent":1,"tt":1,"sr":1,"ks":{"o":{"a":0,"k":100,"ix":11},"r":{"a":0,"k":0,"ix":10},"p":{"a":0,"k":[-472.625,153.75,0],"ix":2,"l":2},"a":{"a":0,"k":[132.875,177,0],"ix":1,"l":2},"s":{"a":0,"k":[100,100,100],"ix":6,"l":2}},"ao":0,"shapes":[{"ty":"gr","it":[{"ind":0,"ty":"sh","ix":1,"ks":{"a":0,"k":{"i":[[-1.45,0],[0,-1.45],[1.45,0],[0,1.45]],"o":[[1.45,0],[0,1.45],[-1.45,0],[0,-1.45]],"v":[[0,-2.625],[2.625,0],[0,2.625],[-2.625,0]],"c":true},"ix":2},"nm":"Path 1","mn":"ADBE Vector Shape - Group","hd":false},{"ty":"fl","c":{"a":0,"k":[0.250980407,0.874509811401,0.490196079016,1],"ix":4},"o":{"a":0,"k":100,"ix":5},"r":1,"bm":0,"nm":"Fill 1","mn":"ADBE Vector Graphic - Fill","hd":false},{"ty":"tr","p":{"a":0,"k":[132.875,177],"ix":2},"a":{"a":0,"k":[0,0],"ix":1},"s":{"a":0,"k":[182.143,182.143],"ix":3},"r":{"a":0,"k":0,"ix":6},"o":{"a":0,"k":100,"ix":7},"sk":{"a":0,"k":0,"ix":4},"sa":{"a":0,"k":0,"ix":5},"nm":"变换"}],"nm":"Ellipse 1","np":2,"cix":2,"bm":0,"ix":1,"mn":"ADBE Vector Group","hd":false}],"ip":0,"op":250,"st":0,"ct":1,"bm":0},{"ddd":0,"ind":8,"ty":4,"nm":"LeftEye 3","parent":2,"sr":1,"ks":{"o":{"a":0,"k":100,"ix":11},"r":{"a":0,"k":0,"ix":10},"p":{"a":0,"k":[-472.5,353.5,0],"ix":2,"l":2},"a":{"a":0,"k":[55.5,156,0],"ix":1,"l":2},"s":{"a":1,"k":[{"i":{"x":[0.833,0.833,0.833],"y":[0.833,0.833,0.833]},"o":{"x":[0.167,0.167,0.167],"y":[0.167,0.167,0.167]},"t":2,"s":[100,100,100]},{"i":{"x":[0.833,0.833,0.833],"y":[0.833,0.833,0.833]},"o":{"x":[0.167,0.167,0.167],"y":[0.167,0.167,0.167]},"t":3.5,"s":[100,0,100]},{"i":{"x":[0.833,0.833,0.833],"y":[0.833,0.833,0.833]},"o":{"x":[0.167,0.167,0.167],"y":[0.167,0.167,0.167]},"t":5,"s":[100,100,100]},{"i":{"x":[0.833,0.833,0.833],"y":[0.833,0.833,0.833]},"o":{"x":[0.167,0.167,0.167],"y":[0.167,0.167,0.167]},"t":13,"s":[100,100,100]},{"i":{"x":[0.833,0.833,0.833],"y":[0.833,0.833,0.833]},"o":{"x":[0.167,0.167,0.167],"y":[0.167,0.167,0.167]},"t":14.5,"s":[100,0,100]},{"i":{"x":[0.833,0.833,0.833],"y":[0.833,0.833,0.833]},"o":{"x":[0.167,0.167,0.167],"y":[0.167,0.167,0.167]},"t":16,"s":[100,100,100]},{"i":{"x":[0.833,0.833,0.833],"y":[0.833,0.833,0.833]},"o":{"x":[0.167,0.167,0.167],"y":[0.167,0.167,0.167]},"t":39,"s":[100,100,100]},{"i":{"x":[0.833,0.833,0.833],"y":[0.833,0.833,0.833]},"o":{"x":[0.167,0.167,0.167],"y":[0.167,0.167,0.167]},"t":43,"s":[100,0,100]},{"i":{"x":[0.833,0.833,0.833],"y":[0.833,0.833,0.833]},"o":{"x":[0.167,0.167,0.167],"y":[0.167,0.167,0.167]},"t":47,"s":[100,100,100]},{"i":{"x":[0.833,0.833,0.833],"y":[0.833,0.833,0.833]},"o":{"x":[0.167,0.167,0.167],"y":[0.167,0.167,0.167]},"t":74,"s":[100,100,100]},{"i":{"x":[0.833,0.833,0.833],"y":[0.833,0.833,0.833]},"o":{"x":[0.167,0.167,0.167],"y":[0.167,0.167,0.167]},"t":78,"s":[100,0,100]},{"i":{"x":[0.833,0.833,0.833],"y":[0.833,0.833,0.833]},"o":{"x":[0.167,0.167,0.167],"y":[0.167,0.167,0.167]},"t":82,"s":[100,100,100]},{"i":{"x":[0.833,0.833,0.833],"y":[0.833,0.833,0.833]},"o":{"x":[0.167,0.167,0.167],"y":[0.167,0.167,0.167]},"t":122,"s":[100,100,100]},{"i":{"x":[0.833,0.833,0.833],"y":[0.833,0.833,0.833]},"o":{"x":[0.167,0.167,0.167],"y":[0.167,0.167,0.167]},"t":128,"s":[100,0,100]},{"t":134,"s":[100,100,100]}],"ix":6,"l":2}},"ao":0,"shapes":[{"ty":"gr","it":[{"d":1,"ty":"el","s":{"a":0,"k":[14,14],"ix":2},"p":{"a":0,"k":[0,0],"ix":3},"nm":"Ellipse Path 1","mn":"ADBE Vector Shape - Ellipse","hd":false},{"ty":"fl","c":{"a":0,"k":[1,1,1,1],"ix":4},"o":{"a":0,"k":100,"ix":5},"r":1,"bm":0,"nm":"Fill 1","mn":"ADBE Vector Graphic - Fill","hd":false},{"ty":"tr","p":{"a":0,"k":[55.5,156],"ix":2},"a":{"a":0,"k":[0,0],"ix":1},"s":{"a":0,"k":[117.124,117.124],"ix":3},"r":{"a":0,"k":0,"ix":6},"o":{"a":0,"k":100,"ix":7},"sk":{"a":0,"k":0,"ix":4},"sa":{"a":0,"k":0,"ix":5},"nm":"变换"}],"nm":"Ellipse 1","np":2,"cix":2,"bm":0,"ix":1,"mn":"ADBE Vector Group","hd":false}],"ip":0,"op":250,"st":0,"ct":1,"bm":0},{"ddd":0,"ind":9,"ty":4,"nm":"cat 03","sr":1,"ks":{"o":{"a":0,"k":100,"ix":11},"r":{"a":0,"k":0,"ix":10},"p":{"a":0,"k":[1137.871,845.944,0],"ix":2,"l":2},"a":{"a":0,"k":[203.871,277.944,0],"ix":1,"l":2},"s":{"a":0,"k":[138.677,142.448,100],"ix":6,"l":2}},"ao":0,"shapes":[{"ty":"gr","it":[{"ind":0,"ty":"sh","ix":1,"ks":{"a":1,"k":[{"i":{"x":0.667,"y":1},"o":{"x":0.333,"y":0},"t":10,"s":[{"i":[[0,0],[-16.5,-0.5],[-9.525,-0.222],[0,-36.446],[3.456,30.308],[0,2.5],[0,0],[-4.5,16],[0,0],[0,0],[0,0]],"o":[[0,0],[7.946,0.241],[46.805,1.091],[0,47],[-3.25,-28.5],[0,-2.5],[0,0],[4.5,-16],[0,0],[0,0],[0,0]],"v":[[159,138.5],[175.5,170.25],[200.504,170.569],[306,212],[277.75,273],[273.25,213.5],[112,215.5],[99.5,190.5],[113.75,142.75],[122.5,152.5],[150,152.25]],"c":true}]},{"i":{"x":0.667,"y":1},"o":{"x":0.333,"y":0},"t":31,"s":[{"i":[[0,0],[-20.5,-1],[-9.972,-0.673],[0,-36.13],[3.456,30.308],[0,2.5],[0,0],[-4.5,16],[0,0],[0,0],[0,0]],"o":[[0,0],[8.279,0.404],[46.587,3.144],[0,47],[-3.25,-28.5],[0,-2.5],[0,0],[4.5,-16],[0,0],[0,0],[0,0]],"v":[[163,130.75],[174,162.75],[201.713,164.256],[306,212],[277.75,273],[273.25,213.5],[112,215.5],[106.25,175.75],[113.75,135.5],[118.5,149.5],[143.25,145.5]],"c":true}]},{"i":{"x":0.667,"y":1},"o":{"x":0.333,"y":0},"t":71,"s":[{"i":[[0,0],[-20.5,-1],[-9.972,-0.302],[0,-36.13],[3.456,30.308],[0,2.5],[0,0],[-4.5,16],[0,0],[0,0],[0,0]],"o":[[0,0],[8.279,0.404],[46.587,1.409],[0,47],[-3.25,-28.5],[0,-2.5],[0,0],[4.5,-16],[0,0],[0,0],[0,0]],"v":[[163,138],[174,170],[201.713,170.909],[306,212],[277.75,273],[273.25,213.5],[112,215.5],[100.5,187],[115.75,142.75],[118.5,156],[144.5,153.5]],"c":true}]},{"i":{"x":0.833,"y":1},"o":{"x":0.333,"y":0},"t":80,"s":[{"i":[[0,0],[-16.5,-0.5],[-9.525,-0.222],[0,-36.446],[3.456,30.308],[0,2.5],[0,0],[-4.5,16],[0,0],[0,0],[0,0]],"o":[[0,0],[7.946,0.241],[46.805,1.091],[0,47],[-3.25,-28.5],[0,-2.5],[0,0],[4.5,-16],[0,0],[0,0],[0,0]],"v":[[161.25,129],[179,161.75],[200.504,162.069],[306,212],[277.75,273],[273.25,213.5],[112,215.5],[102.5,177.5],[115,123.25],[129.75,142],[152,144.75]],"c":true}]},{"i":{"x":0.667,"y":1},"o":{"x":0.167,"y":0},"t":110,"s":[{"i":[[0,0],[-16.5,-0.5],[-9.525,-0.222],[0,-36.446],[3.456,30.308],[0,2.5],[0,0],[-4.5,16],[0,0],[0,0],[0,0]],"o":[[0,0],[7.946,0.241],[46.805,1.091],[0,47],[-3.25,-28.5],[0,-2.5],[0,0],[4.5,-16],[0,0],[0,0],[0,0]],"v":[[158.25,116],[177,154.25],[199.504,156.069],[306,212],[277.75,273],[273.25,213.5],[112,215.5],[102,169],[114.25,123.5],[120.5,143],[144.75,138.5]],"c":true}]},{"t":160,"s":[{"i":[[0,0],[-16.5,-0.5],[-9.525,-0.222],[0,-36.446],[3.456,30.308],[0,2.5],[0,0],[-4.5,16],[0,0],[0,0],[0,0]],"o":[[0,0],[7.946,0.241],[46.805,1.091],[0,47],[-3.25,-28.5],[0,-2.5],[0,0],[4.5,-16],[0,0],[0,0],[0,0]],"v":[[159,138.5],[175.5,170.25],[200.504,170.569],[306,212],[277.75,273],[273.25,213.5],[112,215.5],[99.5,190.5],[113.75,142.75],[122.5,152.5],[150,152.25]],"c":true}]}],"ix":2},"nm":"Path 1","mn":"ADBE Vector Shape - Group","hd":false},{"ty":"fl","c":{"a":0,"k":[0.129411771894,0.196078434587,0.262745112181,1],"ix":4},"o":{"a":0,"k":100,"ix":5},"r":1,"bm":0,"nm":"Fill 1","mn":"ADBE Vector Graphic - Fill","hd":false},{"ty":"tr","p":{"a":0,"k":[0,0],"ix":2},"a":{"a":0,"k":[0,0],"ix":1},"s":{"a":0,"k":[100,100],"ix":3},"r":{"a":0,"k":0,"ix":6},"o":{"a":0,"k":100,"ix":7},"sk":{"a":0,"k":0,"ix":4},"sa":{"a":0,"k":0,"ix":5},"nm":"变换"}],"nm":"Shape 1","np":2,"cix":2,"bm":0,"ix":1,"mn":"ADBE Vector Group","hd":false}],"ip":0,"op":250,"st":0,"ct":1,"bm":0},{"ddd":0,"ind":10,"ty":4,"nm":"cat copy","sr":1,"ks":{"o":{"a":0,"k":100,"ix":11},"r":{"a":0,"k":0,"ix":10},"p":{"a":0,"k":[1163.871,817.944,0],"ix":2,"l":2},"a":{"a":0,"k":[203.871,277.944,0],"ix":1,"l":2},"s":{"a":0,"k":[100,100,100],"ix":6,"l":2}},"ao":0,"shapes":[{"ty":"gr","it":[{"ind":0,"ty":"sh","ix":1,"ks":{"a":1,"k":[{"i":{"x":0.667,"y":1},"o":{"x":0.333,"y":0},"t":10,"s":[{"i":[[0,0],[-20.46,-1.624],[0,-43.863],[-0.5,30.5],[0,2.5]],"o":[[0,0],[47.25,3.75],[0,47],[0.5,-30.5],[0,-2.5]],"v":[[192.5,215.5],[176,173.25],[309,204],[277.5,275.25],[270.5,218]],"c":true}]},{"i":{"x":0.833,"y":0.833},"o":{"x":0.333,"y":0},"t":31,"s":[{"i":[[0,0],[-19.557,-3.425],[0,-43.863],[-0.5,30.5],[0,2.5]],"o":[[0,0],[50.234,8.798],[0,47],[0.5,-30.5],[0,-2.5]],"v":[[192.5,215.5],[178.766,164.952],[309,204],[278.25,274.25],[270.5,218]],"c":true}]},{"i":{"x":0.667,"y":1},"o":{"x":0.167,"y":0.167},"t":61,"s":[{"i":[[0,0],[-20.333,-1.43],[0,-43.863],[-0.5,30.5],[0,2.5]],"o":[[0,0],[47.536,3.444],[0,47],[0.5,-30.5],[0,-2.5]],"v":[[192.5,215.5],[174.845,169.105],[304,210.5],[275.5,275.5],[270.5,218]],"c":true}]},{"i":{"x":0.833,"y":0.833},"o":{"x":0.333,"y":0},"t":72,"s":[{"i":[[0,0],[-20.5,-1],[0,-43.863],[-0.5,30.5],[0,2.5]],"o":[[0,0],[46.955,2.29],[0,47],[0.5,-30.5],[0,-2.5]],"v":[[192.5,215.5],[174,170],[309,204],[274.25,275.5],[270.5,218]],"c":true}]},{"i":{"x":0.667,"y":1},"o":{"x":0.167,"y":0.167},"t":83,"s":[{"i":[[0,0],[-20.5,0.319],[0,-43.863],[-0.5,30.5],[0,2.5]],"o":[[0,0],[32,2.5],[0,47],[0.5,-30.5],[0,-2.5]],"v":[[192.5,215.5],[181,162.5],[309,204],[276,275],[270.5,218]],"c":true}]},{"i":{"x":0.667,"y":1},"o":{"x":0.333,"y":0},"t":110,"s":[{"i":[[0,0],[-20.5,5.5],[0,-43.863],[-0.5,30.5],[0,2.5]],"o":[[0,0],[45.405,-12.182],[0,47],[0.5,-30.5],[0,-2.5]],"v":[[192.5,215.5],[174,170],[309,204],[275,275.5],[270.5,218]],"c":true}]},{"t":140,"s":[{"i":[[0,0],[-18.5,-3],[0,-43.863],[-0.5,30.5],[0,2.5]],"o":[[0,0],[46.405,7.525],[0,47],[0.5,-30.5],[0,-2.5]],"v":[[192.5,215.5],[174,170],[309,204],[274.5,275.75],[270.5,218]],"c":true}]}],"ix":2},"nm":"Path 1","mn":"ADBE Vector Shape - Group","hd":false},{"ty":"fl","c":{"a":0,"k":[0.129411771894,0.196078434587,0.262745112181,1],"ix":4},"o":{"a":0,"k":100,"ix":5},"r":1,"bm":0,"nm":"Fill 1","mn":"ADBE Vector Graphic - Fill","hd":false},{"ty":"tr","p":{"a":0,"k":[0,0],"ix":2},"a":{"a":0,"k":[0,0],"ix":1},"s":{"a":0,"k":[100,100],"ix":3},"r":{"a":0,"k":0,"ix":6},"o":{"a":0,"k":100,"ix":7},"sk":{"a":0,"k":0,"ix":4},"sa":{"a":0,"k":0,"ix":5},"nm":"变换"}],"nm":"Shape 1","np":2,"cix":2,"bm":0,"ix":1,"mn":"ADBE Vector Group","hd":false}],"ip":0,"op":250,"st":0,"ct":1,"bm":0},{"ddd":0,"ind":11,"ty":4,"nm":"cat","sr":1,"ks":{"o":{"a":0,"k":100,"ix":11},"r":{"a":0,"k":0,"ix":10},"p":{"a":0,"k":[1163.871,817.944,0],"ix":2,"l":2},"a":{"a":0,"k":[203.871,277.944,0],"ix":1,"l":2},"s":{"a":0,"k":[100,100,100],"ix":6,"l":2}},"ao":0,"ef":[{"ty":34,"nm":"操控","np":6,"mn":"ADBE FreePin3","ix":1,"en":1,"ef":[{"ty":7,"nm":"人偶引擎","mn":"ADBE FreePin3 Puppet Engine","ix":1,"v":{"a":0,"k":1,"ix":1}},{"ty":0,"nm":"网格旋转调整","mn":"ADBE FreePin3 Auto Rotate Pins","ix":2,"v":{"a":0,"k":20,"ix":2}},{"ty":7,"nm":"在透明背景上","mn":"ADBE FreePin3 On Transparent","ix":3,"v":{"a":0,"k":0,"ix":3}},{"ty":"","nm":"arap","np":3,"mn":"ADBE FreePin3 ARAP Group","ix":4,"en":1,"ef":[{"ty":6,"nm":"自动追踪形状","mn":"ADBE FreePin3 Outlines","ix":1,"v":0},{"ty":"","nm":"网格","np":2,"mn":"ADBE FreePin3 Mesh Group","ix":2,"en":1,"ef":[{"ty":"","nm":"Mesh 1","np":8,"mn":"ADBE FreePin3 Mesh Atom","ix":1,"en":1,"ef":[{"ty":6,"nm":"网格","mn":"ADBE FreePin3 Mesh","ix":1,"v":0},{"ty":0,"nm":"三角形","mn":"ADBE FreePin3 Mesh Tri Count","ix":2,"v":{"a":0,"k":350,"ix":2}},{"ty":0,"nm":"密度","mn":"ADBE FreePin3 Mesh Tri Density","ix":3,"v":{"a":0,"k":10,"ix":3}},{"ty":0,"nm":"扩展","mn":"ADBE FreePin3 Mesh Expansion","ix":4,"v":{"a":0,"k":3,"ix":4}},{"ty":"","nm":"变形","np":1,"mn":"ADBE FreePin3 PosPins","ix":5,"en":1,"ef":[]},{"ty":"","nm":"重叠","np":1,"mn":"ADBE FreePin3 HghtPins","ix":6,"en":1,"ef":[]},{"ty":"","nm":"硬度","np":1,"mn":"ADBE FreePin3 StarchPins","ix":7,"en":1,"ef":[]}]}]}]}]},{"ty":25,"nm":"投影","np":8,"mn":"ADBE Drop Shadow","ix":2,"en":1,"ef":[{"ty":2,"nm":"阴影颜色","mn":"ADBE Drop Shadow-0001","ix":1,"v":{"a":0,"k":[0,0,0,1],"ix":1}},{"ty":0,"nm":"不透明度","mn":"ADBE Drop Shadow-0002","ix":2,"v":{"a":0,"k":127.5,"ix":2}},{"ty":0,"nm":"方向","mn":"ADBE Drop Shadow-0003","ix":3,"v":{"a":0,"k":135,"ix":3}},{"ty":0,"nm":"距离","mn":"ADBE Drop Shadow-0004","ix":4,"v":{"a":0,"k":4,"ix":4}},{"ty":0,"nm":"柔和度","mn":"ADBE Drop Shadow-0005","ix":5,"v":{"a":0,"k":0,"ix":5}},{"ty":7,"nm":"仅阴影","mn":"ADBE Drop Shadow-0006","ix":6,"v":{"a":0,"k":0,"ix":6}}]},{"ty":34,"nm":"Puppet 2","np":6,"mn":"ADBE FreePin3","ix":3,"en":1,"ef":[{"ty":7,"nm":"人偶引擎","mn":"ADBE FreePin3 Puppet Engine","ix":1,"v":{"a":0,"k":1,"ix":1}},{"ty":0,"nm":"网格旋转调整","mn":"ADBE FreePin3 Auto Rotate Pins","ix":2,"v":{"a":0,"k":20,"ix":2}},{"ty":7,"nm":"在透明背景上","mn":"ADBE FreePin3 On Transparent","ix":3,"v":{"a":0,"k":0,"ix":3}},{"ty":"","nm":"arap","np":3,"mn":"ADBE FreePin3 ARAP Group","ix":4,"en":1,"ef":[{"ty":6,"nm":"自动追踪形状","mn":"ADBE FreePin3 Outlines","ix":1,"v":0},{"ty":"","nm":"网格","np":2,"mn":"ADBE FreePin3 Mesh Group","ix":2,"en":1,"ef":[{"ty":"","nm":"Mesh 1","np":8,"mn":"ADBE FreePin3 Mesh Atom","ix":1,"en":1,"ef":[{"ty":6,"nm":"网格","mn":"ADBE FreePin3 Mesh","ix":1,"v":0},{"ty":0,"nm":"三角形","mn":"ADBE FreePin3 Mesh Tri Count","ix":2,"v":{"a":0,"k":350,"ix":2}},{"ty":0,"nm":"密度","mn":"ADBE FreePin3 Mesh Tri Density","ix":3,"v":{"a":0,"k":10,"ix":3}},{"ty":0,"nm":"扩展","mn":"ADBE FreePin3 Mesh Expansion","ix":4,"v":{"a":0,"k":3,"ix":4}},{"ty":"","nm":"变形","np":6,"mn":"ADBE FreePin3 PosPins","ix":5,"en":1,"ef":[{"ty":"","nm":"Puppet Pin 5","np":7,"mn":"ADBE FreePin3 PosPin Atom","ix":1,"en":1,"ef":[{"ty":3,"nm":"顶点位移","mn":"ADBE FreePin3 PosPin Vtx Offset","ix":1,"v":{"a":0,"k":[-2.929,0.449],"ix":1}},{"ty":0,"nm":"顶点索引","mn":"ADBE FreePin3 PosPin Vtx Index","ix":2,"v":{"a":0,"k":187,"ix":2}},{"ty":7,"nm":"固定类型","mn":"ADBE FreePin3 PosPin Type","ix":3,"v":{"a":0,"k":1,"ix":3}},{"ty":3,"nm":"位置","mn":"ADBE FreePin3 PosPin Position","ix":4,"v":{"a":0,"k":[1250,808.5],"ix":4}},{"ty":0,"nm":"缩放","mn":"ADBE FreePin3 PosPin Scale","ix":5,"v":{"a":0,"k":100,"ix":5}},{"ty":0,"nm":"旋转","mn":"ADBE FreePin3 PosPin Rotation","ix":6,"v":{"a":0,"k":0,"ix":6}}]},{"ty":"","nm":"Puppet Pin 4","np":7,"mn":"ADBE FreePin3 PosPin Atom","ix":2,"en":1,"ef":[{"ty":3,"nm":"顶点位移","mn":"ADBE FreePin3 PosPin Vtx Offset","ix":1,"v":{"a":0,"k":[1.13,0.653],"ix":1}},{"ty":0,"nm":"顶点索引","mn":"ADBE FreePin3 PosPin Vtx Index","ix":2,"v":{"a":0,"k":169,"ix":2}},{"ty":7,"nm":"固定类型","mn":"ADBE FreePin3 PosPin Type","ix":3,"v":{"a":0,"k":1,"ix":3}},{"ty":3,"nm":"位置","mn":"ADBE FreePin3 PosPin Position","ix":4,"v":{"a":0,"k":[1136.5,751],"ix":4}},{"ty":0,"nm":"缩放","mn":"ADBE FreePin3 PosPin Scale","ix":5,"v":{"a":0,"k":100,"ix":5}},{"ty":0,"nm":"旋转","mn":"ADBE FreePin3 PosPin Rotation","ix":6,"v":{"a":0,"k":0,"ix":6}}]},{"ty":"","nm":"Puppet Pin 3","np":7,"mn":"ADBE FreePin3 PosPin Atom","ix":3,"en":1,"ef":[{"ty":3,"nm":"顶点位移","mn":"ADBE FreePin3 PosPin Vtx Offset","ix":1,"v":{"a":0,"k":[-2.331,0.741],"ix":1}},{"ty":0,"nm":"顶点索引","mn":"ADBE FreePin3 PosPin Vtx Index","ix":2,"v":{"a":0,"k":104,"ix":2}},{"ty":7,"nm":"固定类型","mn":"ADBE FreePin3 PosPin Type","ix":3,"v":{"a":0,"k":1,"ix":3}},{"ty":3,"nm":"位置","mn":"ADBE FreePin3 PosPin Position","ix":4,"v":{"a":0,"k":[1251,730],"ix":4}},{"ty":0,"nm":"缩放","mn":"ADBE FreePin3 PosPin Scale","ix":5,"v":{"a":0,"k":100,"ix":5}},{"ty":0,"nm":"旋转","mn":"ADBE FreePin3 PosPin Rotation","ix":6,"v":{"a":0,"k":0,"ix":6}}]},{"ty":"","nm":"Puppet Pin 2","np":7,"mn":"ADBE FreePin3 PosPin Atom","ix":4,"en":1,"ef":[{"ty":3,"nm":"顶点位移","mn":"ADBE FreePin3 PosPin Vtx Offset","ix":1,"v":{"a":0,"k":[-0.005,0.257],"ix":1}},{"ty":0,"nm":"顶点索引","mn":"ADBE FreePin3 PosPin Vtx Index","ix":2,"v":{"a":0,"k":192,"ix":2}},{"ty":7,"nm":"固定类型","mn":"ADBE FreePin3 PosPin Type","ix":3,"v":{"a":0,"k":1,"ix":3}},{"ty":3,"nm":"位置","mn":"ADBE FreePin3 PosPin Position","ix":4,"v":{"a":0,"k":[1162.5,716],"ix":4}},{"ty":0,"nm":"缩放","mn":"ADBE FreePin3 PosPin Scale","ix":5,"v":{"a":0,"k":100,"ix":5}},{"ty":0,"nm":"旋转","mn":"ADBE FreePin3 PosPin Rotation","ix":6,"v":{"a":0,"k":0,"ix":6}}]},{"ty":"","nm":"Puppet Pin 1","np":7,"mn":"ADBE FreePin3 PosPin Atom","ix":5,"en":1,"ef":[{"ty":3,"nm":"顶点位移","mn":"ADBE FreePin3 PosPin Vtx Offset","ix":1,"v":{"a":0,"k":[5.442,-0.246],"ix":1}},{"ty":0,"nm":"顶点索引","mn":"ADBE FreePin3 PosPin Vtx Index","ix":2,"v":{"a":0,"k":91,"ix":2}},{"ty":7,"nm":"固定类型","mn":"ADBE FreePin3 PosPin Type","ix":3,"v":{"a":0,"k":1,"ix":3}},{"ty":3,"nm":"位置","mn":"ADBE FreePin3 PosPin Position","ix":4,"v":{"a":1,"k":[{"i":{"x":0.667,"y":1},"o":{"x":0.333,"y":0},"t":10,"s":[1252.357,950.359],"to":[-9.951,-0.003],"ti":[-10.397,0.016]},{"i":{"x":0.762,"y":1},"o":{"x":0.357,"y":0},"t":17,"s":[1192.649,950.34],"to":[10.397,-0.016],"ti":[-11.68,-0.001]},{"i":{"x":0.715,"y":1},"o":{"x":0.316,"y":0},"t":31,"s":[1314.737,950.261],"to":[8.188,0.001],"ti":[19.37,0.288]},{"t":36,"s":[1258.097,950.347]}],"ix":4,"x":"var $bm_rt;\n$bm_rt = loopOut('cycle', 0);"}},{"ty":0,"nm":"缩放","mn":"ADBE FreePin3 PosPin Scale","ix":5,"v":{"a":0,"k":100,"ix":5}},{"ty":0,"nm":"旋转","mn":"ADBE FreePin3 PosPin Rotation","ix":6,"v":{"a":0,"k":0,"ix":6}}]}]},{"ty":"","nm":"重叠","np":1,"mn":"ADBE FreePin3 HghtPins","ix":6,"en":1,"ef":[]},{"ty":"","nm":"硬度","np":1,"mn":"ADBE FreePin3 StarchPins","ix":7,"en":1,"ef":[]}]}]}]}]}],"shapes":[{"ty":"gr","it":[{"ind":0,"ty":"sh","ix":1,"ks":{"a":0,"k":{"i":[[0,0],[-20.5,-1],[0,-43.863],[3.602,-6.003],[-0.5,30.5],[0,2.5]],"o":[[0,0],[46.955,2.29],[0,47],[-7.5,12.5],[0.5,-30.5],[0,-2.5]],"v":[[132.5,215.5],[174,170],[309,204],[293.5,417],[271,276],[270.5,218]],"c":true},"ix":2},"nm":"Path 1","mn":"ADBE Vector Shape - Group","hd":false},{"ty":"fl","c":{"a":0,"k":[0.129411771894,0.196078434587,0.262745112181,1],"ix":4},"o":{"a":0,"k":100,"ix":5},"r":1,"bm":0,"nm":"Fill 1","mn":"ADBE Vector Graphic - Fill","hd":false},{"ty":"tr","p":{"a":0,"k":[0,0],"ix":2},"a":{"a":0,"k":[0,0],"ix":1},"s":{"a":0,"k":[100,100],"ix":3},"r":{"a":0,"k":0,"ix":6},"o":{"a":0,"k":100,"ix":7},"sk":{"a":0,"k":0,"ix":4},"sa":{"a":0,"k":0,"ix":5},"nm":"变换"}],"nm":"Shape 1","np":2,"cix":2,"bm":0,"ix":1,"mn":"ADBE Vector Group","hd":false}],"ip":0,"op":250,"st":0,"ct":1,"bm":0}],"markers":[{"tm":125,"cm":"1","dr":0}]}